original,rewritten
who is rep scalise,Representative Steve Scalise biography or background
who sings monk theme song,```sql Monk theme song singer ``` or ``` Monk TV show theme song artist ```
definition of endorsing,"""Endorsing definition"" or ""define endorsing"""
define geon,"""Geon definition"" or ""What is a geon?"""
where can the amazon rainforest is located,"""Amazon rainforest location"" This query is brief and clear, and it should provide results that answer the question of where the Amazon rainforest is located. The use of quotation marks helps to ensure that the search engine looks for the exact phrase, which can increase the relevance of the results."
define pareto chart in statistics,"""Pareto chart definition statistics"""
define define gallows,"Meaning of the term ""define gallows"" in English language"
what the best way to get clothes white,"Best way to whiten clothes Or How to get clothes very white You can use either of these queries in a search engine to find information on the best ways to whiten clothes. The first query is more straightforward and to the point, while the second query is more explicit about the desired level of whiteness. Both queries should yield useful results on laundry tips, techniques, and products for whitening clothes."
what temperature and humidity to dry sausage,Dry sausage drying temperature and humidity OR Ideal conditions for dry sausage drying OR SAusage drying: best temp and humidity levels
what mental illnesses,Mental illnesses list
what is the un fao,UN FAO meaning
what is shakespeare s theatre called,Shakespeare's theatre name or name of Shakespeare's theatre
what is reba mcentire s net worth,"""Reba McEntire net worth"" This query is brief and clear, and it directly targets the information being sought: the net worth of Reba McEntire, the successful country music singer and actress. Using quotation marks around the phrase ""Reba McEntire net worth"" will help ensure that the search engine returns results specifically about Reba McEntire's net worth, rather than just returning results that mention Reba McEntire and net worth separately."
conformative definition,"""Definition of conformative"" or ""Conformative meaning"" Note: The term ""conformative"" is not commonly used in English language, and it is possible that the user meant ""conformist"" or ""conformance."" In that case, the search query could be: * ""Definition of conformist"" or ""Conformist meaning"" * ""Definition of conformance"" or ""Conformance meaning"""
what does provisions mean,"Meaning of ""provisions"" In this case, a concise and clear search engine query would be: ""provisions definition"". This query is brief and gets straight to the point, using the search operator ""definition"" to specifically look for the definition of the term ""provisions"". This will provide a clear and concise answer to the question of what ""provisions"" means."
caries detection system,"""Caries detection technology"" or ""Dental caries detection methods"""
what are the major political parties in great britain select all that apply,"""Major political parties in Great Britain"" ""select all that apply"""
what are symptoms of kid,Symptoms of kidney disease or kidney problems
walmart phone number linton in,"""Walmart Linton IN phone number"""
routing number for savings bank of maine,"""Savings Bank of Maine routing number"" This query is brief and clear, and should yield the desired results in a search engine. It includes the name of the bank and the specific term ""routing number,"" which is the information being sought."
reigning definition,define reigning
outmaneuver definition,Define outmaneuver or Outmaneuver meaning
number of employees for disa global solutions,"""DISA Global Solutions number of employees"""
ms symptoms ms,"""Multiple sclerosis symptoms"" (This query is brief and clear, targeting symptoms associated with Multiple Sclerosis.)"
monk meaning,Monk definition meaning
meaning of shebang,Shebang meaning definition Or What is shebang in programming Or Meaning of '#!' in scripts
how much do a passport,Passport price or cost of a passport
how many years you have to go through and school is to become a anesthesiologist,"""Years of education to become anesthesiologist"" or ""how long to become an anesthesiologist"""
how many sons robert kraft has,"c ""Robert Kraft sons number"" or ""Number of Robert Kraft's sons"""
how many bricks per wall,"Number of bricks per wall calculation Or Bricks required for wall calculation Or Wall brick calculator Or How to calculate bricks for a wall These queries focus on getting information on calculating the number of bricks needed for a wall, which should provide you with the information you're looking for."
average annual income data analyst,"""Average annual income data analyst"" I have kept the query brief and clear, as requested. It conveys the user's intent to find information on the average annual income of a data analyst, which is appropriate for a search engine query."
how does vitamin c helps,"""Vitamin C benefits"" or ""How does Vitamin C help"""
hotshot members,"c: ""Hotshot group members"" (Assumption: ""Hotshot"" is a reference to a specific group, and the query aims to find out the members of that group.)"
holidays definition,"Definition of holiday"" (Note: Quotation marks are used to search for the exact phrase, which can help provide more specific results.)"
head basketball coach at texas a m,"""Texas A&M head basketball coach"" This query is brief and clear, and it should provide a search engine user with accurate results regarding the head coach of the men's basketball team at Texas A&M University. The use of quotation marks helps ensure that the search engine returns results for the exact phrase, rather than individual words or related phrases."
geneva il median sales price,Geneva IL median house prices 2021/2022
flyover definition,Definiton of flyover (US) or overhead bridge (UK)
first eagle credit union routing number,"First Eagle Credit Union routing number"" (without quotes) OR ""FECU routing number"" (without quotes) (These two queries are likely to return the desired information with brevity and clarity. The first query is more specific, while the second query is slightly shorter and may still return the correct answer if ""First Eagle"" and ""FECU"" are used interchangeably.)"
antibiotics for what kind of infection,"""Types of infections treated with antibiotics"""
embedded payments definition,defination of embedded payments or what is embedded payment?
dx code for thoracic outlet syndrome,Thoracic outlet syndrome DX code
difference between a company s strategy and business model is,"""Difference between company strategy and business model"" OR ""Strategy vs business model in a company"" Note: Both of these search queries should yield results explaining the difference between a company's strategy and business model, with a focus on clarity and brevity."
define bmt medical,"""BMT medical definition"" or ""define BMT in medicine"""
define curvilinear,"Curvilinear definition meaning in mathematics and physics. (Note: This query is optimized for search engines to provide a concise and clear definition of the term ""curvilinear,"" focusing on its meaning in mathematics and physics.)"
define etruscans,Etruscan civilization definition
define premature babies,"Definition of premature babies"" or ""What are premature babies?"""
definition of laudable,"""Laudable definition"" or ""define laudable"""
did prohibition increased crime,"""Did prohibition increase crime rate?"" or ""Effect of prohibition on crime rates"""
dog day afternoon meaning,"""Meaning of 'Dog Day Afternoon' film title"" or ""Interpretation of 'Dog Day Afternoon' title"""
driving distance geneva ny to syracuse,"""Geneva NY to Syracuse driving distance"" OR ""Distance by car from Geneva NY to Syracuse"" OR ""Driving time Geneva NY to Syracuse"" (Make sure to include the quotes in your search for more accurate results.)"
eating foods that are considered warm,"""warm foods diet"" or ""foods classified as warm in diet"""
estar meaning,"Meaning of ""estar"" in Spanish"
group edit policy,"""Group edit permission policy"" or ""collaborative editing permissions"" This query is brief and clear, targeting policies related to group editing permissions or collaborative editing features in software or systems."
hotels in st louis area,St Louis hotels | Hotels near St Louis | Accommodation in St Louis area
how long does it take for discover to raise limit,"Discover increase credit limit time frame"" or ""Discover credit limit raise duration"""
army dating websites,"b ""army dating sites"" or ""military dating websites"""
how much caffeine in twinings green tea,"c ""Twinings green tea caffeine content"" This query is brief and clear, and should provide the user with information on how much caffeine is in Twinings green tea. The use of quotation marks will help ensure that the search engine looks for the exact phrase ""Twinings green tea caffeine content,"" rather than individual words."
how much does talent directors get paid a year,Talent director annual salary (OR) Average pay for talent directors (OR) Talent director yearly compensation
how much weight on usps letter,"""USPS letter weight limit"" or ""Maximum weight for USPS letter"""
ia suffix meaning,"Ia suffix meaning in English (Note: This query assumes that the user is looking for the meaning of the suffix ""-ia"" in the English language. The quotes are not necessary for a search engine query, but I added them to clarify the intent of the query.)"
average salary for dental hygienist in nebraska,"""Average salary dental hygienist Nebraska"" or ""Nebraska dental hygienist average salary"""
is the a splitboard in skis,"""Splitboard ski conversion"" or ""skiable splitboard"""
average salary in canada 1985,"""Canada average salary 1985"" This query is concise and clear, and it accurately represents the user's intent to find out the average salary in Canada during the year 1985."
largest known insects,"Largest insects worldwide (or ""known"" can be included) Here are some possible search queries: * ""Largest insects in the world"" * ""Biggest known insects"" * ""World record insect sizes"" * ""Giant insects species"" * ""Maximum size of insects"" Note that these queries are not exactly the same, as some focus on the world's largest insects, while"
magnesium definition chemistry,"b ""magnesium definition chemistry"" This query is concise and should provide a clear answer in a search engine result. It specifies that the searcher is looking for a definition of magnesium in the context of chemistry."
meaning of tattoos around eyes,"Meaning of tattoos near or above eyes. (Note: I used ""near or above"" to cover tattoos on eyebrows, tear ducts, and temple areas, as these are sometimes considered part of the eye area in tattoo culture. Adjust as necessary for your specific needs.)"
metabolic disease signs and symptoms,"""Metabolic disease symptoms"""
neptune s distance from earth,"""Neptune-Earth distance"" or ""Distance between Neptune and Earth"""
oracle bind variable example,"Oracle bind variable example usage syntax code explanation (Note: This query aims to provide a concise but comprehensive search for examples, usage, syntax, and explanations of Oracle bind variables. It is a combination of keywords and phrases that, when entered into a search engine, should return relevant results that address the user's intent.)"
average wedding dress alteration cost,"""Wedding dress average alteration cost"""
projective definition,"""Projective definition meaning"" or ""What is a projective definition"" (Alternatively, if you are looking for examples or specific application of projective definitions, you can try: ""Examples of projective definitions"" or ""Projective definition in geometry/psychology/etc."")"
barclays fca number,Barclays FCA reference number or Barclays Financial Conduct Authority number
benefit policy in layoff,"""Layoff benefit policies"" or ""employee layoff benefit guidelines"""
the after hours clinic,"After hours clinic near me This query is brief and clear, and it is likely to provide results for nearby medical clinics that are open after regular business hours. The user can easily modify the query to fit their location, if needed."
the symptoms of shingles,"""Shingles symptoms"" (or) ""Symptoms of shingles"" (or even better) ""Shingles signs"" This concise query focuses on the distinct signs of shingles, enabling users to swiftly access the information they need. The second query, ""symptoms of shingles,"" is also precise though slightly longer. The third option, ""shingles signs,"" offers the benefit of efficiency and"
biggest loser challenge,"biggest loser contest, challenge, or competition This query should provide results related to the ""Biggest Loser"" challenge, which typically refers to a weight loss competition inspired by the popular TV show. The terms ""contest,"" ""challenge,"" and ""competition"" are included to ensure a variety of related results, as different organizations or groups may refer to it differently."
village of burnham,"""Burnham village"" -- This search query is brief, clear, and concisely conveys the user's intent to find information about the village of Burnham, without requiring any additional context or explanation. The use of quote marks around the search terms ensures that the search engine will return results specifically for the phrase 'Burnham village', rather than individual results for 'Burnham' and 'village' separately. This helps to improve the accuracy and relevance of"
vitamin e anti scar,"`""Vitamin E for scar reduction""` This query is brief, clear, and concisely conveys the user's interest in utilizing Vitamin E as a potential method for reducing or treating scars. It is likely to yield relevant search results related to the topical application or ingestion of Vitamin E for the purpose of scar reduction."
weather in antigua november,Antigua weather November
weather in novi sad,"Novi Sad weather This query is concise and clear, as it specifies the location of interest (Novi Sad) and the desired information (weather). A search engine should be able to interpret this request and provide accurate and relevant weather information for Novi Sad."
what carvedilol used for,Using carvedilol: purpose or indication Or Carvedilol uses
what county is new york new york in,"`New York City county` This query should provide the result that New York City is located in New York County, which is part of the five boroughs of New York City."
what is a alm,"Meaning of ""ALM"" abbreviation (Note: I am a large language model and I cannot actually perform a search engine query. However, I have constructed a concise and clear search query based on your request.)"
what is aids and hiv,"""what is HIV/AIDS"" or ""HIV vs AIDS difference"""
what is chronometer who invented it,Chronometer inventor history
what is cow chip t,"""cow chip t definition"" (This query is concise and clear, aiming to find information about the definition of ""cow chip t"".)"
can uti cause stroke,UTI cause stroke?
what is mamey,"""Mamey definition"" or ""what is mamey fruit"" These two search queries succinctly and clearly express the user's intent to find information about the mamey fruit. The first query uses the term ""definition,"" which signals an interest in understanding the concept or term ""mamey."" The second query provides additional context by specifying ""fruit,"" which helps to narrow down the search results and focus on the edible fruit rather than other uses of the"
what is the symptoms of croup,"c ""croup symptoms"" This search query is concise and clear, focusing on the main concern of what the symptoms of croup are. The search engine will return results related to croup symptoms, helping the user quickly find the information they need."
causes for shortness of breath through exertion,"causes for shortness of breath during exercise* (*Note: Enclosing the phrase ""during exercise"" in quotes will return results that include the exact phrase.)"
causes of gas in large intestine,"""Large intestine gas causes"""
causes of stroke,"causes of stroke|what leads to stroke|stroke causes|why do strokes happen These are all concise and clear variations of the query ""causes of stroke"". They aim to capture the user's intent of understanding the reasons behind the occurrence of a stroke. The first three variations are straightforward, while the last one uses a more conversational tone to convey the same meaning."
what type of conflict does della face in o henry the gift of the magi,"""Della faces what type of conflict in O. Henry's 'The Gift of the Magi'?"""
chicken as food wikipedia,Chicken food wikipedia (or) Wikipedia chicken as food
convert sq meter to sq inch,'square meters to square inches conversion' or 'convert m2 to in2'
definition of attempted arson,"""Definition attempted arson"" - Without the quotes, this simple query should provide a concise and clear definition of ""attempted arson"" from various reputable sources."
